{
  "extensions": [
    {
      "name": "EventHubs",
      "typeName": "Microsoft.Azure.WebJobs.EventHubs.EventHubsWebJobsStartup, Microsoft.Azure.WebJobs.Extensions.EventHubs, Version=6.0.2.0, Culture=neutral, PublicKeyToken=014045d636e89289",
      "hintPath": "./.azurefunctions/Microsoft.Azure.WebJobs.Extensions.EventHubs.dll"
    },
    {
      "name": "Startup",
      "typeName": "Microsoft.Azure.WebJobs.Extensions.FunctionMetadataLoader.Startup, Microsoft.Azure.WebJobs.Extensions.FunctionMetadataLoader, Version=1.0.0.0, Culture=neutral, PublicKeyToken=551316b6919f366c",
      "hintPath": "./.azurefunctions/Microsoft.Azure.WebJobs.Extensions.FunctionMetadataLoader.dll"
    }
  ]
}